feature,description,hs_endpoint,source,cypress_test_status,notes
Routing Algorithm,Payment routing rules and algorithm,POST /routing + GET /routing/{id},business_profile.rs:routing_algorithm,covered,Cypress specs: PriorityRouting VolumeBasedRouting RuleBasedRouting
Dynamic Routing,AI/ML-based dynamic routing algorithm,POST /routing (dynamic type),business_profile.rs:dynamic_routing_algorithm,covered,
FRM Routing Algorithm,Fraud risk management routing rules,POST /accounts/{merchant_id} (frm_routing_algorithm field),business_profile.rs:frm_routing_algorithm,not_covered,
Payout Routing Algorithm,Payout routing rules,POST /routing (payout type),business_profile.rs:payout_routing_algorithm,covered,
Default Fallback Routing,Fallback routing when primary routing fails,POST /business_profile (default_fallback_routing),business_profile.rs:default_fallback_routing,covered,
3DS Decision Rule Algorithm,Rules engine for 3DS authentication decisions,POST /routing (3ds decision type),business_profile.rs:three_ds_decision_rule_algorithm,covered,
External 3DS Authentication,External 3DS authentication service integration,POST /payments (request_external_three_ds_authentication),business_profile.rs:authentication_connector_details,covered,
Authentication Service Eligibility,Eligibility for authentication service,POST /payments (read during 3DS auth eligibility check),configs table:authentication_service_eligible,covered,
Eligibility Check,Perform payment eligibility checks,POST /payments/eligibility,configs table:should_perform_eligibility,covered,Cypress spec 35-PaymentsEligibilityAPI
Eligibility Data Storage For Auth,Store eligibility check data for authentication,POST /payments (read during UAS 3DS flow),configs table:should_store_eligibility_check_data_for_authentication,covered,
3DS Routing Region UAS,3DS routing region for Unified Authentication Service,POST /payments (read during UAS 3DS routing),configs table:threeds_routing_region_uas,not_covered,
PM Modular Service,Payment method modular service toggle,POST /payments/confirm + GET /payment_methods,configs table:should_call_pm_modular_service,not_covered,
Payment Link,Generate hosted payment link for a payment,POST /payments (payment_link=true) + GET /payment_link/{id},business_profile.rs:payment_link_config,covered,
Payout Link,Generate hosted payout link,POST /payouts (payout_link config),business_profile.rs:payout_link_config,not_covered,
PM Collect Link,Payment method collection link,GET /pm_collect/{id},merchant_account.rs:pm_collect_link_config,not_covered,
Customer Management,Customer CRUD operations,POST/GET/PUT/DELETE /customers,api_models/customers.rs,covered,Cypress spec 02-CustomerCreate 27-DeletedCustomerPsyncFlow 34-CustomerListTests
Blocklist,Block specific cards/fingerprints/card BINs,POST/GET/DELETE /blocklist,configs table:guard_blocklist_for,covered,Cypress spec 35-PaymentsEligibilityAPI
PM Filters CGraph,Payment method filter configuration graph,GET /payment_methods (pm_filters_cgraph applied),configs table:pm_filters_cgraph,covered,Cypress spec 24/PaymentMethodList tests
Conditional Routing DSL,Conditional payment routing domain-specific language,POST /routing (conditional config),configs table:dsl,not_covered,
Surcharge DSL,Surcharge decision logic rules,POST /routing (surcharge config),configs table:surcharge_dsl,not_covered,
Auto Retries,Automatic payment retry on failure,POST /payments (internal retry on failure),business_profile.rs:is_auto_retries_enabled,covered,Cypress spec 42-AutoRetries
Clear PAN Retries,Retry with clear PAN instead of network token,POST /payments (internal retry strategy),business_profile.rs:is_clear_pan_retries_enabled,not_covered,
Manual Retry,Manual payment retry by merchant,POST /payments/{id}/retry,business_profile.rs:is_manual_retry_enabled,covered,Cypress spec 33-ManualRetry
Requires CVV,CVV requirement for saved card payments,POST /payments (card_cvc required/optional),configs table:requires_cvv,not_covered,
Implicit Customer Update,Implicit customer record update behavior,POST /payments (internal customer update),configs table:implicit_customer_update,not_covered,
Client Session Validation,Client session token validation,POST /payments (client_secret validation),superposition:client_session_validation_enabled,not_covered,
Payment Update Via Client Auth,Allow payment updates via client authentication,PUT /payments/{id} (client auth),configs table:payment_update_enabled_for_client_auth,not_covered,
Raw PM Details Return,Return raw payment method details in response,GET /payment_methods (response format),configs table:should_return_raw_payment_method_details,not_covered,
MIT With Limited Card Data,Enable MIT with limited card data,POST /payments (MIT with limited data),configs table:should_enable_mit_with_limited_card_data,not_covered,
Extended Card BIN,Extended card BIN lookup (8-digit),POST /payments (extended BIN in response),configs table:enable_extended_card_bin,not_covered,
Extended Card Info,Extended card information display,POST /payments (extended info in response),business_profile.rs:is_extended_card_info_enabled,not_covered,
Connector Agnostic MIT,Connector-agnostic merchant-initiated transactions,POST /payments (MIT across connectors),business_profile.rs:is_connector_agnostic_mit_enabled,covered,Cypress spec 25-ConnectorAgnosticNTID
Use Billing As PM Billing,Use payment billing address as payment method billing,POST /payments (internal address mapping),business_profile.rs:use_billing_as_payment_method_billing,covered,
Tax Connector,External tax calculation connector,POST /payments (internal tax calc),business_profile.rs:is_tax_connector_enabled,not_covered,
Iframe Redirection,Enable iframe-based redirection for hosted flows,POST /payments (is_iframe_redirection_enabled),business_profile.rs:is_iframe_redirection_enabled,not_covered,
External Vault,External vault for payment method tokenization,POST /payments (external vault flow),business_profile.rs:is_external_vault_enabled,covered,Cypress spec 40-ExternalVault
CVV Collection During Payment,Collect CVV during payment for saved cards,POST /payments (CVV collection behavior),business_profile.rs:should_collect_cvv_during_payment,not_covered,
Webhook Config Disabled Events,Disable specific webhook events per connector,POST /business_profile (webhook config),configs table:whconf_disabled_events,not_covered,
Outgoing Webhook Custom Headers,Custom HTTP headers for outgoing webhooks,POST /business_profile (custom headers),business_profile.rs:outgoing_webhook_custom_http_headers,covered,Cypress spec 28-BusinessProfileConfigs (updateBusinessProfileWebhookCustomHeaders)
Webhook Details,Webhook URL and event configuration,POST /business_profile (webhook_details),business_profile.rs:webhook_details,covered,Cypress specs 44-PaymentWebhook 45-RefundWebhook
Card Testing Guard,Anti-card-testing fraud detection,POST /payments (internal fraud guard),business_profile.rs:card_testing_guard_config,covered,
Payment Response Hash,Sign payment response for integrity verification,POST /payments (hash in response),business_profile.rs:enable_payment_response_hash,not_covered,
Redirect Method,POST vs GET for merchant redirect,POST /payments (redirect behavior),business_profile.rs:redirect_to_merchant_with_http_post,covered,Cypress spec 52-MerchantRedirectMethod (PR #12200)
Session Expiry,Client secret / session expiry time,POST /payments (session timeout),business_profile.rs:session_expiry,covered,
Reconciliation,Payment reconciliation feature,Recon API endpoints,business_profile.rs:is_recon_enabled,not_covered,
Sub-Merchants,Sub-merchant management feature,POST /merchant_account (sub_merchants_enabled),merchant_account.rs:sub_merchants_enabled,not_covered,
Platform Account,Platform/marketplace account type,POST /organization + POST /merchant_account,merchant_account.rs:is_platform_account,covered,Cypress Platform/ test suite
Product Type,Merchant product type (Payments/Payouts),POST /merchant_account (product_type),merchant_account.rs:product_type,covered,Cypress spec 00003-ProductType in Misc/ (PR #12029)
Merchant Category Code,Merchant category code (MCC),POST /business_profile (merchant_category_code),business_profile.rs:merchant_category_code,covered,
Merchant Country Code,Numeric merchant country code,POST /business_profile (merchant_country_code),business_profile.rs:merchant_country_code,covered,
Dispute Polling Interval,Polling interval for dispute sync,POST /business_profile (dispute_polling_interval),business_profile.rs:dispute_polling_interval,not_covered,
Routing Result Source,Which routing engine to use,POST /payments (read during routing selection),configs table:routing_result_source,covered,
Poll Config,Payment status polling configuration,GET /payments/{id} (read during redirect payment polling),configs table:poll_config,covered,
Forex/Currency Conversion,Currency conversion for payments,GET /forex/rates,settings.rs:forex_api,not_covered,
Relay Operations,Relay API for direct connector operations,POST /relay (capture/refund/void/incremental_auth),api_models/relay.rs,covered,
Subscription Management,Subscription CRUD and lifecycle management,POST/GET/PUT /subscriptions,api_models/subscription.rs,not_covered,
Dispute Management,Dispute accept/defend/submit evidence,POST /disputes/{id}/accept + POST /disputes/{id}/evidence,api_models/disputes.rs,covered,
FRM (Fraud Risk Management),Fraud check flows,POST /payments (internal FRM check),merchant_connector_account.rs:frm_configs,not_covered,
Network Tokenization Credentials,Credentials for network tokenization,POST /business_profile (network_tokenization_credentials),business_profile.rs:network_tokenization_credentials,not_covered,
OIDC Authentication,OpenID Connect authentication for users,POST /oidc/token,api_models/oidc.rs,covered,
Card Issuer Management,Card issuer CRUD operations,POST/GET/PUT /card_issuers,api_models/card_issuer.rs,covered,
Payment Method Operations,Payment method CRUD and listing,GET /payment_methods + POST /payment_methods,api_models/payment_methods.rs,covered,Cypress spec 24-PaymentMethods
Organization Management,Organization CRUD operations,POST/GET/PUT /organization,api_models/organization.rs,covered,Cypress spec 00-CoreFlows
Merchant Account Management,Merchant account CRUD operations,POST/GET/PUT /accounts,api_models/admin.rs,covered,Cypress spec 00-CoreFlows 01-AccountCreate
Business Profile Management,Business profile CRUD operations,POST/GET/PUT /business_profile,api_models/admin.rs,covered,Cypress spec 28-BusinessProfileConfigs
MCA Management,Merchant connector account CRUD operations,POST/GET/PUT /account/{id}/connectors,api_models/admin.rs,covered,Cypress spec 03-ConnectorCreate
Browser Info Collection,Browser information for 3DS and fraud detection,POST /payments (browser_info in body),router_request_types.rs:browser_info,covered,Sent in all 3DS payment tests
Order Details,Order line item details,POST /payments (order_details in body),api_models/payments.rs:order_details,covered,
Customer Acceptance,Customer acceptance for mandates/T&C,POST /payments (customer_acceptance in body),api_models/payments.rs:customer_acceptance,covered,Tested in all mandate flows
Off Session Payments,Off-session (merchant-initiated) payment indicator,POST /payments (off_session=true),api_models/payments.rs:off_session,covered,Tested in MIT mandate flows
Feature Metadata,Generic feature metadata on payments,POST /payments (feature_metadata in body),api_models/payments.rs:feature_metadata,covered,
Connector Metadata,Connector-specific metadata from merchant,POST /payments (connector_metadata in body),api_models/payments.rs:connector_metadata,covered,
Multiple Capture,Multiple partial captures on a single authorization,POST /payments/{id}/capture (multiple times),router_request_types.rs:multiple_capture_data,not_covered,
Payout Type,Type of payout (card/bank/wallet),POST /payouts (payout_type in body),api_models/payouts.rs:payout_type,covered,Cypress payout specs
Payout Priority,Payout send priority,POST /payouts (priority in body),api_models/payouts.rs:priority,not_covered,
Payout Auto Fulfill,Auto-fulfill payout without review,POST /payouts (auto_fulfill=true),api_models/payouts.rs:auto_fulfill,covered,Cypress payout spec 00003
Payout Entity Type,Payout entity type classification,POST /payouts (entity_type in body),api_models/payouts.rs:entity_type,not_covered,
Payout Recurring,Recurring payout indicator,POST /payouts (recurring in body),api_models/payouts.rs:recurring,not_covered,
Refund Type,Refund type (instant/scheduled),POST /refunds (refund_type in body),api_models/refunds.rs:refund_type,not_covered,
Mandate Management,Mandate CRUD and revocation,GET /mandates/{id} + POST /mandates/{id}/revoke,api_models/mandates.rs,covered,Cypress spec 13-ListAndRevokeMandate
Payment Manual Update,Manual payment status update by admin,PUT /payments/{id}/manual-update,api_models/payments.rs,not_covered,
Refund Manual Update,Manual refund status update by admin,PUT /refunds/{id}/manual-update,api_models/refunds.rs,not_covered,
Credentials Identifier Mapping,MCA credentials identifier mapping,POST /payments (read during MCA credential lookup),configs table:mcd_{merchant_id},not_covered,
Routing Evaluate,Evaluate routing rules without creating payment,POST /routing/evaluate,api_models/routing.rs,covered,
SDK Client Token Generation,Generate SDK session/client tokens for frontend,POST /payments/session_tokens,hyperswitch_interfaces/api.rs,not_covered,Cypress spec 26-SessionCall
Gateway Status Map (GSM),Map connector error codes to retry actions,POST /payments (read during auto-retry flow),configs table:should_call_gsm,covered,
Vault Tokenization Disable,Disable vault tokenization for modular auth,POST /payments (read during UAS modular auth flow),configs table:should_disable_vault_tokenization,not_covered,
Delayed Session Response,Delayed session response handling,POST /payments/session_tokens (internal delay),settings.rs:delayed_session_response,not_covered,
Connector API Version Override,Override API version for a connector,POST /payments (read when building connector request),configs table:connector_api_version,not_covered,
Acquirer Config Map,Acquirer-specific configurations,POST /business_profile (acquirer_config_map),business_profile.rs:acquirer_config_map,not_covered,
Payout Tracker Mapping,Retry schedule mapping for payouts,superposition config,superposition:payout_tracker_mapping,not_covered,
Connector Onboarding Config,Connector-specific onboarding configuration,POST /account/{merchant_id}/connectors (read during connector onboarding),configs table:onboarding_{connector},not_covered,
Dynamic Fields,SDK dynamic fields configuration,GET /payment_methods (dynamic_fields),superposition:dynamic_fields,covered,Cypress spec 43-DynamicFields
Save Card Flow,Save card on-session and off-session,POST /payments (setup_future_usage=on/off_session),api_models/payments.rs:setup_future_usage,covered,Cypress spec 14-SaveCardFlow
Payment Sync,Sync payment status with connector,GET /payments/{id} (force_sync=true),api_models/payments.rs,covered,Cypress spec 08-SyncPayment
Void/Cancel Payment,Cancel/void an authorized payment,POST /payments/{id}/cancel,api_models/payments.rs,covered,Cypress spec 07-VoidPayment
Health Check,System health check endpoint,GET /health,misc,covered,Cypress spec Misc/00000-HealthCheck
